Item No.,Description,Unit,Rate,,
No.,,,as on or just before 01.04.2021,,
0002,Hire charges of Concrete Mixer 0.25 to 0.40 cum with Hopper,day,800.00,,
0004,Production cost of concrete by batch mix plant,cum,400.00,,
0009,"Pumping charges of concrete including Hire charges of pump, piping work & accessories etc.",cum,210.00,,
0011,Hire charges of Pump set of capacity 4000 litres/hour,day,700.00,,
0012,Vibrator (Needle type 40 mm),day,350.00,,
0029,Carriage of ready mixed concrete by rotatory transit mixer,km/cum,37.30,,
0101,Bhisti,day,714.00,,
0114,Beldar,day,645.00,,
0115,Coolie,day,645.00,,
0116,Fitter (grade 1),day,784.00,,
0123,Mason (brick layer) 1st class,day,784.00,,
0124,Mason (brick layer) 2nd class,day,714.00,,
0131,Painter,day,714.00,,
0278,Manufactured sand derived from Recycled Concrete Aggregate (RCA),cum,741.00,,
0279,Recycled Concrete Aggregate (RCA) 20 mm nominal size,cum,957.00,,
0280,Recycled Concrete Aggregate (RCA) 12.5 mm nominal size,cum,957.00,,
0281,Recycled Concrete Aggregate (RCA) 10 mm nominal size,cum,957.00,,
0282,Recycled Aggregate (RA) 40 mm nominal size,cum,367.00,,
0283,Recycled Aggregate (RA) 20 mm nominal size,cum,398.00,,
0284,Recycled Aggregate (RA) 10 mm nominal size,cum,430.00,,
0287,Brick Aggregate (Single size) : 40 mm nominal size,cum,650.00,,
0293,Stone Aggregate (Single size) : 40 mm nominal size,cum,1300.00,,
0295,Stone Aggregate (Single size) : 20 mm nominal size,cum,1400.00,,
0296,Stone Aggregate (Single size) : 12.5 mm nominal size,cum,1350.00,,
0297,Stone Aggregate (Single size) : 10 mm nominal size,cum,1350.00,,
0309,Paving bitumen of grade VG-10 of approved quality,tonne,25614.00,,
0367,Portland Cement (OPC-43 Grade),tonne,5000.00,,
0370,Coal (steam),quintal,440.00,,
No.,,,as on or just before 01.04.2021,,
0771,Kerosene oil,litre,50.00,,
0982,Coarse sand (zone III),cum,1500.00,,
0983,Fine sand (zone IV),cum,900.00,,
1213,Water proofing materials,kilogram,35.00,,
1880,Dismenteled P or S trap scrap (approx wt 2kg),kg,25.00,,
2202,Carriage of Stone aggregate below 40 mm nominal size,cum,163.93,,
2203,Carriage of Coarse sand,cum,163.93,,
2206,Carriage of Stone aggregate 40 mm nominal size and above,cum,178.19,,
2209,Carriage of Cement,tonne,145.72,,
2211,Carriage of Tar / Bitumen,tonne,163.93,,
2260,Carriage of Brick aggregate,cum,178.19,,
2261,Carriage of Fine sand (1 part of badarpur sand: 2 parts jamuna sand),cum,163.93,,
2262,Carriage of Flyash,cum,163.93,,
7318,Plasticizer / super plasticizer,kg,29.00,,
7319,Wall form panel 1250x500 mm,each,860.00,,
7326,Corner angle 45x45x5 mm 1.50 m long,each,240.00,,
7327,100 mm channel shoulder 2.5 m long,each,910.00,,
7328,Double clip (bridge clip),each,76.00,,
7329,Single clip,each,59.00,,
7330,M.S. tube 40 mm dia,metre,215.00,,
7331,Wall form panel 1250x450 mm,each,860.00,,
7332,Corner angle 45x45x5 mm 2.50 m long,each,255.00,,
7333,Column clamp 450x1070 mm,each,965.00,,
7334,Prop 2 m ( 2-3.5 m),each,635.00,,
8732,"Synthetic ployster triangular fibre of length 12 mm, effective diameter 10-40 microns and specific gravity of 1.34 to 1.40",kg,370.00,,
9977,Carriage,L.S.,2.12,,
9988,Carriage and sundries,L.S.,2.12,,
9999,Sundries,L.S.,2.12,,
,,,0,1-04-2021,
,,,dks,;k mlls Bhd igys,
0002,0-25 ls 0-40 ?ku ehVj daØhV feDlj dk fdjk;k,,fnu,800.00,
0004,oSp feDl la;= }kjk daØhV cukus dh ykxr,,?ku ehVj,400.00,
0009,iEi] ikbZfiax dk;Z vkSj milk/kuksa vkfn ds fdjk;k izHkkj lfgr dadzhV dk ifEiax HkkM+k,,?ku ehVj,210.00,
0011,4000 yhVj@ çfr ?akVk {kerk okys iai lsV dk fdjk;k,,fnu,700.00,
0012,okbZCkzsVj ¼40 feyh ehVj lwbZ ds vkdkj dk½,,fnu,350.00,
0029,VªkaflV feDlj }kjk dadzhV dh <qykbZ,,fdeh@,,
,,,?ku ehVj,37.30,
0101,fHk”rh,,fnu,714.00,
0114,Cksynkj,,fnu,645.00,
0115,dqyh,,fnu,645.00,
0116,fQVj ¼XkzsM 1½,,fnu,784.00,
0123,jkt ¼bZaV fcNkus okyk½ izFke Js.kh dk,,fnu,784.00,
0124,jkt ¼bZaV fcNkus okyk½ f}rh; Js.kh dk,,fnu,714.00,
0131,isaVj,,fnu,714.00,
0278,"iquuZohuhd`r daØhV jksM+h ¼vkjlh,½ ls çkIr fofufeZr jsr",,?ku ehVj,741.00,
0279,"iquuZohuhd`r daØhV jksM+h ¼vkjlh,½ 20 feeh U;wure vkdkj",,?ku ehVj,957.00,
0280,"iquuZohuhd`r daØhV jksM+h ¼vkjlh,½ 12-5 feeh U;w&ure vkdkj",,?ku ehVj,957.00,
0281,"iquuZohuhd`r daØhV jksM+h ¼vkjlh,½ 10 feeh U;wure vkdkj",,?ku ehVj,957.00,
0282,"iquuZohuhd`r jksM+h ¼vkj,½ 40 feeh U;wiure vkdkj",,?ku ehVj,367.00,
0283,"iquuZohuhd`r jksM+h ¼vkj,½ 20 feeh U;wiure vkdkj",,?ku ehVj,398.00,
0284,"iquuZohuhd`r jksM+h ¼vkj,½ 10 feeh U;wiure vkdkj",,?ku ehVj,430.00,
0287,"bZaV feykok ¼,d uki okyk½ 40 feeh ukeh; uki dk",,?ku ehVj,650.00,
0293,"iRFkj dk feykok ¼,d uki okyk½ 40 feeh ukeh; uki dk",,?ku ehVj,1300.00,
0295,"iRFkj dk feykok ¼,d uki okyk½ 20 feeh ukeh; uki dk",,?ku ehVj,1400.00,
0296,"iRFkj dk feykok ¼,d uki okyk½ 12-5 feeh ukeh; uki dk",,?ku ehVj,1350.00,
0297,"iRFkj dk feykok ¼,d uki okyk½ 10 feeh ukeh; uki dk",,?ku ehVj,1350.00,
0309,vuqeksfnr dksfV dk Q”kZcanh okyk oh-th- 10 fcVwesu,,Vu,25614.00,
0367,iksVZySaM lhesaV ¼vks-ih-lh- & 43 xzsM½,,Vu,5000.00,
0370,dks;yk ¼Hkki½,,fDoaVy,440.00,
,,0 dks,1-04-2021 ;k mlls Bhd igys,,
0771,feV~Vh dk rsy,fyVj,50.00,,
0982,eksVh jsr ¼tksu 3½,?ku ehVj,1500.00,,
0983,eghu jsr ¼tksu 4½,?ku ehVj,900.00,,
1213,Tky jks/ku lkexzh,fd- xzk-,35.00,,
1880,Dismenteled P or S trap scrap (approx wt 2kg),fd- xzk-,25.00,,
2202,40 feeh ls uhps ukeh; uki okys iRFkj feykos dk <qykbZ HkkM+k,?ku ehVj,163.93,,
2203,eksVh jsr dk <qykbZ HkkM+k,?ku ehVj,163.93,,
2206,40 feeh ls mij ukeh; uki okys iRFkj feykok dk <qykbZ HkkM+k,?ku ehVj,178.19,,
2209,lhesaV dh <qykbZ,Vu,145.72,,
2211,Vkj fcVwesu dh <qykbZ,Vu,163.93,,
2260,bZaV feykos dh <qykbZ,?ku ehVj,178.19,,
2261,"Ekghu jsr dh <qykbZ ¼,d HkkXk cnjiqj jsr % 2 HkkXk tequk jsr½",?ku ehVj,163.93,,
2262,"¶ykbZ ,W”k dh <qykbZ",?ku ehVj,163.93,,
7318,lq?kV~;dkjh@vfr lq?kV~;dkjh,fdxzk,29.00,,
7319,nhokj <kapk pkS[kV 1250X 500 feeh,izR;sd,860.00,,
7326,dksfu;k dks.k 45X 45 X 5 feeh 1-50 eh yEck,izR;sd,240.00,,
7327,100 feeh pSuy iVjh 2-5 eh yEch,izR;sd,910.00,,
7328,nksgjh fDyi ¼lsrq fDyi½,izR;sd,76.00,,
7329,",dy fDyi",izR;sd,59.00,,
7330,40 feeh O;kl dh uje bLikr uyh,ehVj,215.00,,
7331,nhokj <kapk fnYgs 1250X450 feeh,izR;sd,860.00,,
7332,Dksfu;k dks.k 45X45X5 feeh 2-50 eh yEck,izR;sd,255.00,,
7333,LraHk f”kdatk 450X1070 eh,izR;sd,965.00,,
7334,izkWi 2 eh ¼2&3-5 eh½,izR;sd,635.00,,
8732,"12 fe- eh- yackbZ] 10&40 ekbØkWu izHkkoh O;kl vkSj 1-34 ls 1-40 fof”k’V ?kuRo okyk flaFksfVd iksfy,LVj f=dks.kh; rarq",fd- xzk-,370.00,,
9977,<qykbZ,",deq”r",2.12,,
9988,"<qykbZ ,oa fofo/k",",deq”r",2.12,,
9999,fofo/k,",deq”r",2.12,,
,No.,,,,
,CEMEN T CONCRETE (CAST IN SITU),,,,
4.1,Providin excludin level : g and laying in position cement concrete of specified grade g the cost of centering and shuttering - All work up to plinth,,,,
4.1.2,1:1½:3 (1 Cement: 1½ coarse sand (zone-III) derived from natural sources : 3 graded stone aggregate 20 mm nominal size derived from natural sources),cum,7783.65,,
,4.1.2A 1:1.5:3 (1 Cement: 1.5 coarse sand (zone-III) including manufactured sand derived from Recycled Concrete Aggregate (RCA) upto 25% : 3 graded stone aggregate 20 mm nominal size including Recycled Concrete Aggregate (RCA) upto 25%).,cum,7555.05,,
4.1.3,1:2:4 (1 cement : 2 coarse sand (zone-III) derived from natural sources : 4 graded stone aggregate 20 mm,,,,
,nominal size derived from natural sources),cum,7365.15,,
,4.1.3A 1:2:4 (1 cement : 2 coarse sand (zone-III) including manufactured sand derived from Recycled Concrete Aggregate (RCA) upto 25% : 4 graded stone aggregate 20 mm nominal size including Recycled Concrete Aggregate (RCA) upto 25%),cum,7124.50,,
4.1.4,1:2:4 (1 Cement : 2 coarse sand (zone-III) derived from natural sources : 4 graded stone aggregate 40 mm,,,,
,nominal size derived from natural sources),cum,7226.95,,
4.1.5,1:3:6 (1 Cement : 3 coarse sand (zone-III) derived from natural sources : 6 graded stone aggregate 20 mm nominal size derived from natural sources),cum,6833.40,,
,4.1.5A 1:3:6 (1 Cement : 3 manufactured sand derived from Recycled Concrete Aggregate (RCA) : 6 graded stone aggregate 20 mm nominal size Recycled Concrete Aggregate(RCA) ),cum,5815.05,,
,4.1.5B 1:3:6 (1 cement : 3 manufactured sand derived from Recycled concrete Aggregate (RCA) : 6 graded stone aggregate 20 mm nominal size Recycled Aggregate (RA) ),cum,5122.25,,
4.1.6,1:3:6 (1 Cement : 3 coarse sand (zone-III) derived from natural sources : 6 graded stone aggregate 40 mm nominal size derived from natural sources),cum,6670.25,,
,4.1.6A 1:3:6 (1 Cement : 3 manufactured sand derived from Recycled Concrete Aggregate (RCA) : 6 graded stone,,,,
,aggregate 40 mm nominal size Recycled Aggregate (RA) ),cum,5059.85,,
4.1.8,1:4:8 (1 Cement : 4 coarse sand (zone-III) derived from natural sources : 8 graded stone aggregate 40 mm nominal size derived from natural sources),cum,6326.05,,
,No.,,,,
,4.1.8A 1:4:8 (1 cement : 4 manufactured sand derived from Recycled Concrete Aggregate (RCA) : 8 graded stone aggregate 40 mm nominal size Recycled Aggregate (RA),cum,4715.60,,
4.1.10,1:5:10 (1 cement : 5 coarse sand (zone-III) derived from natural sources : 10 graded stone aggregate 40 mm nominal size derived from natural sources),cum,6050.65,,
,4.1.10A 1:5:10 (1 cement : 5 manufactured sand derived from Recycled Concrete Aggregate (RCA) : 10 graded stone aggregate 40 mm nominal size Recycled Aggregate (RA) ),cum,4440.25,,
4.1.11,1:5:10 (1 cement : 5 fine sand derived from natural sources : 10 graded stone aggregate 40 mm nominal size derived from natural sources),cum,5660.45,,
4.1.12,1:2:3½:9 (1 ordinary portland cement : 2 Fly ash : 3½ coarse sand (zone-III) derived from natural sources : 9 graded stone aggregate 40 mm nominal size derived from natural sources),cum,6154.75,,
,4.1.12A 1:2:3½:9 (1 ordinary portland cement : 2 Fly ash : 3½ manufactured sand derived from Recycled Concrete Aggregate (RCA) : 9 graded stone aggregate 40 mm nominal size Recycled Aggregate (RA) ),cum,4645.90,,
4.1.13,1:2½:4:11 (1 ordinary portland cement : 2½ fly ash : 4 coarse sand (zone-III) derived from natural sources : 11 graded stone aggregate 40 mm nominal size derived from natural sources),cum,5812.60,,
,4.1.13A 1:2½:4:11 (1 ordinary portland cement : 2½ fly ash : 4 manufactured sand derived from Recycled Concrete Aggregate (RCA) :11 graded stone aggregate 40 mm nominal size Recycled Aggregate (RA) ),cum,4334.20,,
4.2,"Providin walls (a abutmen parapets sunken f shutterin g and laying cement concrete in retaining walls, return walls, ny thickness) including attached pilasters, columns, piers, ts, pillars, posts, struts, buttresses, string or lacing courses, , coping, bed blocks, anchor blocks, plain window sills, fillets, loor etc., up to floor five level, excluding the cost of centering, g and finishing:",,,,
4.2.2,1:1½:3 (1 cement : 1½ coarse sand (zone-III) derived from natural sources : 3 graded stone aggregate 20 mm nominal size derived from natural sources).,cum,9793.75,,
,4.2.2A 1:1½:3 (1 cement : 1½ coarse sand (zone-III) including manufactured sand derived from Recycled Concrete Aggregate (RCA) upto 25% : 3 graded stone aggregate 20 mm nominal size including Recycled Concrete Aggregate (RCA) upto 25%) ).,cum,9565.10,,
4.2.3,1:2:4 (1 Cement : 2 coarse sand (zone-III) derived from natural sources : 4 graded stone aggregate 20 mm nominal size derived from natural sources),cum,9375.20,,
,4.2.3A 1:2:4 (1 Cement : 2 coarse sand (zone-III) including manufactured sand derived from Recycled Concrete Aggregate (RCA) upto 25% : 4 graded stone aggregate 20 mm nominal size including Recycled Concrete Aggregate (RCA) upto 25%)).,cum,9130.20,,
,No.,,,,
4.2.5,1:3:6 (1 cement : 3 coarse sand (zone-III) derived from natural sources : 6 graded stone aggregate 20 mm nominal size derived from natural sources),cum,8843.45,,
,4.2.5A 1:3:6 (1 cement : 3 manufactured sand derived from Recycled Concrete Aggregate (RCA) : 6 graded stone aggregate 20 mm nominal size Recycled Concrete Aggregate (RCA)),cum,7825.10,,
,4.2.5B 1:3:6 (1 cement : 3 manufactured sand derived from Recycled Concrete Aggregate (RCA) : 6 graded stone aggregate 20 mm nominal size Recycled Aggregate (RA)),cum,7132.35,,
4.2.8,1:5:10 (1 cement : 5 coarse sand (zone-III) derived from natural sources : 10 graded stone aggregate 40 mm nominal size derived from natural sources).,cum,8047.55,,
,4.2.8A 1:5:10 (1 cement : 5 manufactured sand derived from Recycled Concrete Aggregate (RCA) : 10 graded stone aggregate 40,,,,
,mm nominal size Recycled Aggregate (RA)),cum,6437.15,,
4.3,"Centerin of form g and shuttering including strutting, propping etc. and removal work for :",,,,
4.3.1,"Foundations, footings, bases for columns",sqm,307.95,,
4.3.2,"Retaining walls, return walls, walls (any thickness) including attached pilasters, buttresses, plinth and string courses fillets, kerbs and steps etc.",sqm,669.55,,
4.3.3,"Columns, piers, abutments, pillars, posts and struts",sqm,804.25,,
4.4,"Providin near gr finishing g and laying cement concrete in kerbs, steps and the like at or ound level excluding the cost of centering, shuttering and .",,,,
4.4.1,1:1½:3 (1 Cement: 1½ coarse sand(zone-III) derived from natural sources : 3 graded stone aggregate 20 mm nominal size derived from natural sources),cum,7783.65,,
,4.4.1A 1:1.5:3 (1 cement: 1.5 coarse sand (zone-III) including manufactured sand derived from Recycled Concrete Aggregate (RCA) upto 25% : 3 graded stone aggregate 20 mm nominal size including Recycled Concrete Aggregate (RCA) upto 25%)).,cum,7555.05,,
,CEMEN T CONCRETE PRECAST,,,,
4.5,"Providin or lacin sills, sh setting i cost of r g and fixing up to floor five level precast cement concrete string g courses, copings, bed plates, anchor blocks, plain window elves, louvers, steps, stair cases, etc., including hoisting and n position with cement mortar 1:3 (1 Cement : 3 coarse sand), equired Centering complete.",,,,
4.5.1,1:1.5:3 (1 cement : 1.5 coarse sand(zone-III) derived from natural sources : 3 graded stone aggregate 20mm nominal size derived from natural sources),cum,9277.75,,
,4.5.1A 1:1.5:3 (1 cement : 1.5 coarse sand (zone-III) including manufactured sand derived from Recycled Concrete Aggregate (RCA) upto 25% : 3 graded stone aggregate 20mm nominal size including Recycled Concrete Aggregate (RCA) upto 25%)).,cum,9050.20,,
,No.,,,,
9103,"to accelerat durability and wor pumping of conc leads; but excludin as per direction grades of concret e / retard setting of concrete, to improve kability without impairing strength; including rete to site of laying, curing, carriage for all g the cost of centering, shuttering and finishing of the engineer-in-charge; for the following e.",,,,
,"Note: Extra cemen content in design cement content in specified cement to either re-design t up to 10% of the minimum specified cement mix shall be payable separately. In case the design mix is more than 110% of the minimum content, the contractor shall have discretion the mix or bear the cost of extra cement.",,,,
4.20.1,All works upto plinth level :,,,,
4.20.1.1,Concrete of M10 grade with minimum cement content of 220 kg /cum,cum,8033.20,,
4.20.1.2,Concrete of M15 grade with minimum cement content of 240 kg /cum,cum,8174.75,,
4.20.1.3,Concrete of M20 grade with minimum cement content of 270 kg /cum,cum,8387.15,,
4.20.1.4,Concrete of M25 grade with minimum cement content of 300 kg /cum,cum,8599.50,,
4.20.2,All works above plinth and upto floor V level,,,,
4.20.2.1,Concrete of M10 grade with minimum cement content of 220 kg /cum,cum,9655.60,,
4.20.2.2,Concrete of M15 grade with minimum cement content of 240 kg /cum,cum,9797.15,,
4.20.2.3,Concrete of M20 grade with minimum cement content of 270 kg /cum,cum,10009.50,,
4.20.2.4,Concrete of M25 grade with minimum cement content of 300 kg /cum,cum,10221.85,,
,"4.20A Providing and lay design mix ceme using coarse aggr sources and using aggregate and fine Portland Pozzola admixtures in rec accelerate / retar and workability w of concrete to site excluding the cost direction of the en concrete. ing in position ready mixed or site batched nt concrete for plain cement concrete work; egate and fine aggregate derived from natural recycled concrete aggregate (RCA) as coarse aggregate within the permissible utilization, na / Ordinary Portland/Portland Slag cement, ommended proportions as per IS: 9103 to d setting of concrete to improve durability ithout impairing strength; including pumping of laying, curing, carriage for all leads; but of centering, shuttering and finishing as per gineer-in-charge; for the following grades of",,,,
,"Note: Extra cemen content in design cement content in specified cement c either re-design th t up to 10% of the minimum specified cement mix shall be payable separately. In case the design mix is more than 110% of the minimum ontent, the contractor shall have discretion to e mix or bear the cost of extra cement.",,,,
,lhesaV d,adzhV ¼LOkkLFkkus fojfpr½,,,
4-1,fofufnZ”V r[krkcanh 4-1-2 4-1-2d 4-1-3 4-1-3d 4-1-4 4-1-5 4-1-5d 4-1-5[k 4-1-6 4-1-6d 4-1-8,"dksfV ds lheasV dadzhV dh O;OkLFkk djuk rFkk ;FkkLFkku Mkyuk] <wyk vkSj dh ykxr ds vfrfjDr & dqlhZ ry rd ds lHkh dk;Z 1%1½%3 ¼1 lhesaV% 1½çk—frd lzksrksa ls O;qRiUu eksVh jsr ¼vapy&III½ % 3 çk—frd lzksrksa ls O;qRiUu 20 feeh U;wure vkdkj dh oxhZ—r iRFkj dh jksM+h½ 1%1-5%3 ¼1 lhesaV% 1-525% rd iquuZohuh—r daØhV jksM+h ¼vkjlh,½ ls O;qRiUu fofufeZr jsr lfgr eksVh jsr ¼vapy&3½ % 3 oxhZ—r iRFkj dh jksM+h 20 feeh U;wure vkdkj dk iquuZohuh—r daØhV jksM+h ¼vkjlh,½ 25% rd½A 1%2%4 ¼1 lhesaV% 2 çk—frd lzksrksa ls O;qRiUu eksVhjsr ¼vapy& III½ % 4 çk—frd lzksrksa ls O;qRiUu 20 feeh U;wure vkdkj dh oxhZ—r iRFkj dh jksM+h½ 1%2%4 ¼1 lhesaV% 2 25% rd iquuZohuh—r daØhV jksM+h ¼vkjlh,½ ls O;qRiUu fofufeZr jsr lfgr eksVh jsr ¼vapy&3 ½ % 4 oxhZ— r iRFkj dh jksM+h 20 feeh U;wure vkdkj iquuZohuh—r daØhV jksM+h ¼vkjlh,½ 25% rd½ 1%2%4 ¼1 lhesaV% 2 çk—frd lzksrksa ls O;qRiUu eksVhjsr ¼vapy&3½ % 4 çk—frd lzksrksa ls O;qRiUu 40 feeh U;wure vkdkj dh oxhZ—r iRFkj dh jksM+h½ 1%2%4 ¼1 lhesaV% 2 çk—frd lzksrksa ls O;qRiUu eksVh jsr ¼vapy&3½ % 6 çk—frd lzksrksa ls O;qRiUu 20 feeh U;wure vkdkj dh oxhZ—r iRFkj dh jksM+h½ 1%3%6 ¼1 lhesaV% 3 iquuZohuh—r daØhV jksM+h ¼vkjlh,½ ls O;qRiUu fofufeZr jsr % 6 oxhZ—r iRFkj dh jksM+h 20 feeh U;wure vkdkj dk iquuZohuh—r daØhV jksM+h ¼vkjlh,½ 1%3%6 ¼1 lhesaV% 3 iquuZohuhdj.k daØhV jksM+h ¼vkjlh,½ ls O;qRiUu fofufeZr jsr %6 oxhZ—r iRFkj dh jksM+h 20 feeh U;wure vkdkj iquuZohuh—r jksM+h ¼vkj,½ 1%3%6 ¼1 lhesaV% 3 çk—frd lzksrksa ls O;qRiUu eksVh jsr ¼vapy&III½ % 6 çk—frd lzksrksa ls O;qRiUu 40 feeh U;wure vkdkj dh oxhZ—r iRFkj dh jksM+h½ 1%3%6 ¼1 lhesaV% 3 iquuZohuhdj.k daØhV jksM+h ¼vkjlh,½ ls O;qRiUu fofufeZr jsr % 6 oxhZ—r iRFkj dh jksM+h 20 feeh U;wure vkdkj iquuZohuh—r jksM+h ¼vkj,½ 1%4%8 ¼1 lhesaV% 4 eksVs jsr ¼tksu&III½ çk—frd lzksrksa ls çkIr % 8 çk—frd lzksrksa ls O;qRiUu 40 feeh U;wure vkdkj dh oxhZ—r iRFkj dh jksM+h½",?ku eh ?ku eh ?ku eh ?ku eh ?ku eh ?ku eh ?ku eh ?ku eh ?ku eh ?ku eh ?ku eh,7783-65 7555-05 7365-15 7124-50 7226-95 6833-40 5815-05 5122-25 6670-25 5059-85 6326-05,
,4-1-8d 4-1-10 4-1-10-d 4-1-11 4-1-12 4-1-12d 4-1-13 4-1-13d,"1%4%8 ¼1 lhesaV% 4 iquuZohuh—r daØhV jksM+h ¼vkjlh,½ ls O;qRiUu fofuÆer jsr% 8 oxÊ—r iRFkj dh jksM+h 40 feeh U;wure vkdkj iquuZohuh—r jksM+h ¼vkj,½½ 1%5%10 ¼1 lhesaV% 5 çk—frd lzksrksa ls O;qRiUu eksVh jsr ¼vapy&III½ % 10 çk—frd lzksrksa ls O;qRiUu 40 feeh U;wure vkdkj dh oxÊ—r iRFkj dh jksM+h½ 1%5%10 ¼1 lhesaV% 5 iquuZohuh—r daØhV jksM+h ¼vkjlh,½ ls O;qRiUu fofuÆer jsr% 10 oxÊ—r iRFkj dh jksM+h 40 feeh U;wure vkdkj iquuZohuh—r jksM+h ¼vkj,½½ 1% 5% 10 ¼1 lhesaV% 5 çk—frd lzksrksa ls O;qRiUu ckjhd jsr % 10 çk—frd lzksrksa ls O;qRiUu 40 feeh U;wure vkdkj dh oxÊ—r iRFkj dh jksM+h½ 1%2%3½% 9 ¼1 lkèkkj.k iksVZySaM lhesaV% 2 ¶ykÃ ,s'k% 3½çk—frd lzksrksa ls O;qRiUu eksVh jsr ¼tksu&III½ % 9 çk—frd lzksrksa ls O;qRiUu 40 feeh U;wure vkdkj dh oxÊ—r iRFkj dh jksM+h½ 1%2%3½%9 ¼1 lkèkkj.k iksVZySaM lhesaV% 2 ¶ykÃ ,s'k% 3½iquuZohuh—r daØhV jksM+h ¼vkjlh,½ ls O;qRiUu fofuÆer jsr% 9 oxÊ—r iRFkj dh jksM+h 40 feeh U;wure vkdkj iquuZohuh—r jksM+h ¼vkj,½½ 1%2½%4%11 ¼1 lkèkkj.k iksVZySaM lhesaV% 2½¶ykÃ ,s'k% 4 çk—frd lzksrksa ls O;qRiUu eksVh jsr ¼vapy&III½ % 11 çk—frd lzksrksa ls O;qRiUu 40 feeh U;wure vkdkj dh oxÊ—r iRFkj dh jksM+h½ 1%2½%4%11 ¼1 lkèkkj.k iksVZySaM lhesaV% 2½¶ykÃ ,s'k% 4 iquuZohuh—r daØhV jksM+h ¼vkjlh,½ ls O;qRiUu fofuÆer jsr% 11 oxÊ—r iRFkj dh jksM+h 40 feeh U;wure vkdkj iquuZohuh—r jksM+h ¼vkj,½½",?ku eh ?ku eh ?ku eh ?ku eh ?ku eh ?ku eh ?ku eh ?ku eh,4715-60 6050-65 4440-25 5660-45 6154-75 4645-90 5812-60 4334-20,
4-2,iq”rk nh ihy ik; vk/kkj C lhesaV d ds vfrf 4-2-2 4-2-2d 4-2-3 4-2-3d,"okjksa] lekukUrj nhokjksa ¼fdlh Hkh eksVkbZ dh½ ds lkFk yxs fHkRrh LraHkksa] LraHkksa ksa vaR;k/kkjksa] [kEcksa] Fkwuksa] Vsadksa] iq’rksa] fdaxjh vFkok ca/kd jn~nksa] eqaMsjksa] ‘kk”kksZa] ykWdksa] yaxj [kaMksa LkikV f[kM+dh nsgyksa ifV~Vdkvksa vkfn esa ikWaposa ry rd adzhV dh O;oLFkk djuk vkSj Mkyuk] <wyk o r[rkcanh vkSj laiwfrZ dh ykxr jDr % 1%1½%3 ¼1 lhesaV% 1½çk—frd lzksr ls O;qRiUu eksVh jsr ¼vapy&III½ % 3 çk—frd lzksrksa ls O;qRiUu 20 feeh U;wure vkdkj dh oxÊ—r iRFkj dh jksM+h½ 1%1½%3 ¼1 lhesaV% 1½25½rd iquuZohuh—r daØhV jksM+h ¼vkjlh,½ ls O;qRiUu fofuÆer jsr lfgr eksVh jsr ¼vapy&III½% 3 oxÊ—r iRFkj dh jksM+h 20 feeh U;wure vkdkj iquuZohuh—r daØhV jksM+h ¼vkjlh,½ 25% rd½ 1%2%4 ¼1 lhesaV% 2 çk—frd lzksr ls O;qRiUu eksVh jsr ¼vapy&III½ % 4 çk—frd lzksrksa ls O;qRiUu 20 feeh U;wure vkdkj dh oxÊ—r iRFkj dh jksM+h½ 1%2%4 ¼1 lhesaV% 2 25%rd iquuZohuh—r daØhV jksM+h ¼vkjlh,½ ls O;qRiUu fofuÆer jsr lfgr eksVh jsr ¼vapy&III½ % 4 oxÊ—r iRFkj dh jksM+h 20 feeh U;wure vkdkj iquuZohuh—r daØhV jksM+h ¼vkjlh,½ 25%rd½",?ku eh ?ku eh ?ku eh ?ku eh,9793-75 9565-10 9375-20 9130-20,
,4-2-5 4-2-5d 4-2-5[k 4-2-8 4-2-8d,"1%3%6 ¼1 lhesaV% 3 çk—frd lzksr ls O;qRiUu eksVh jsr ¼vapy&III½ % 6 çk—frd lzksrksa ls O;qRiUu 20 feeh U;wure vkdkj dh oxÊ—r iRFkj dh jksM+h½ 1%3%6 ¼1 lhesaV% 3 iquuZohuh—r daØhV jksM+h ¼vkjlh,½ ls O;qRiUu fofuÆer jsr% 6 oxÊ—r iRFkj dh jksM+h 20 feeh U;wure vkdkj iquuZohuh—r daØhV jksM+h ¼vkjlh,½ 25%rd ½ 1%3%6 ¼1 lhesaV% 3 iquuZohuh—r daØhV jksM+h ¼vkjlh,½ ls O;qRiUu fofuÆer jsr% 6 oxÊ—r iRFkj dh jksM+h 20 feeh U;wure vkdkj iquuZohuh—r jksM+h ¼vkj,½½ 1%5%10 ¼1 lhesaV% 5 çk—frd lzksr ls O;qRiUu eksVh jsr ¼vapy&III½ % 10 çk—frd lzksrksa ls O;qRiUu 40 feeh U;wure vkdkj dh oxÊ—r iRFkj dh jksM+h½ 1%1-5%10 ¼1 lhesaV% 1-5% 25%rd iquuZohuh—r daØhV jksM+h ¼vkjlh,½ ls O;qRiUu fofuÆer jsr lfgr eksVh jsr ¼vapy&III½ % 10 oxÊ—r iRFkj dh jksM+h 20 feeh U;wure vkdkj iquuZohuh—r jksM+h ¼vkj,½½",?ku eh ?ku eh ?ku eh ?ku eh ?ku eh,8843-45 7825-10 7132-35 8047-55 6437-15,
4-3,<wyk vkS,j r[rkcanh] Fkkeksa] Vsdksa vkfn rFkk <wyk [kksyus lfgr,,,
,4-3-1,uhoksa] [kldksa vkSj LrEHk ds vk/kkj,oxZ eh,307-95,
,4-3-2,"iq'rk nhokjksa] lekukUrj nhokjksa] nhokjksa ¼fdlh Hkh eksVkbZ dh½ esa lkFk yxs fHkfRr LrEHksa] iq'rksa] dqlhZ] fdaxjh jn~nksa vkSj ifV~V;ksa vkfn ds fy,",oxZ eh,669-55,
,4-3-3,"LrEHkksa] ik;ksa] ihyik;ksa] [kEcksa] Fkwuksa vkSj Fkkeksa ds fy,",oxZ eh,804-25,
4-4,Hkwfery lhf<+;ksa vfrfjD,"ds ikl ;k ml ij lhesaV dadzhV dh O;oLFkk djuk ,oe~ Mkyuk] dcZ] vkSj ,slh gh vU; txgksa esa <wyk] r[rkcanh vkSj laiwfrZ dh ykxr ds r",,,
,4-4-1 4-4-1d,"1%1½%3 ¼1 lhesaV% 1½çk—frd lzksr ls O;qRiUu eksVh jsr ¼vapy&III½% 3 çk—frd lzksrksa ls O;qRiUu 20 feeh U;wure vkdkj dh oxÊ—r iRFkj dh jksM+h½ 1%1-5%3 ¼1 lhesaV% 1-525%rd iquuZohuh—r daØhV jksM+h ¼vkjlh,½ ls O;qRiUu fofuÆer jsr lfgr eksVh jsr ¼vapy&III½% 3 oxÊ—r iRFkj dh jksM+h 20 feeh U;wure vkdkj iquuZohuh—r daØhV jksM+h ¼vkjlh,½ 25% rd ½",?ku eh ?ku eh,7783-65 7555-05,
,lhesaV&,dadzhV ¼iwoZ fojfpr½,,,
4-5,Q'kZ ikWap ;k ca/kd f>yfey ds lhesa,"ry rd iwoZ fojfpr lheasV&dadzhV dh O;oLFkk djuk vkSj yxkuk] fdaxjh jn~nksa] 'khf""kZdkvksa] vk/kkj CykWdksa] f[kM+fd;ksa dh lknh nsgyksa] rkd iV~Vksa] ksa] iksfM+;ksa] lhf<;ksa bR;kfn dks mWaps p<kuk vkSj 1% 3 ¼1 lhesaV % 3 eksVh jsr½ V elkys ls ;FkkLFkku tekuk] r[rkaonh djus dh ykxr lfgr",,,
,4-5-1,1%1-5%3 ¼1 lhesaV% 1-5 çk—frd lzksr ls O;qRiUu eksVh jsr ¼vapy&III½ % 3 çk—frd lzksrksa ls O;qRiUu 20 feeh U;wure vkdkj dh oxÊ—r iRFkj dh jksM+h½,?ku eh,9277-75,
,4-5-1d,"1%1-5%3 ¼1 lhesaV% 1-525%rd iquuZohuh—r daØhV jksM+h ¼vkjlh,½ ls O;qRiUu fofuÆer jsr lfgr eksVh jsr ¼vapy&III½ % 3 oxÊ—r iRFkj dh jksM+h 20 feeh U;wure vkdkj iquuZohuh—r daØhV jksM+h ¼vkjlh,½ 25% rd½",?ku eh,9050-20,
mi ”kh’kZ,% 4-0 da,dzhV dk dk;Z 101,,,
4.6,"Providin kerbs, e with ce of requir g and fixing at or near ground level precast cement concrete in dgings etc. as per approved pattern and setting in position ment mortar 1:3 (1 Cement : 3 coarse sand), including the cost ed centering, shuttering complete.",,,,
4.6.1,1:1½:3 (1 Cement: 1½ coarse sand(zone-III) derived from natural sources: 3 graded stone aggregate 20 mm nominal size derived from natural sources).,cum,8130.65,,
,4.6.1A 1:1.5:3 (1 Cement: 1.5 coarse sand (zone-III) including manufactured sand derived from Recycled Concrete Aggregate (RCA) upto 25% : 3 graded stone aggregate 20 mm nominal size including Recycled Concrete Aggregate (RCA) upto 25%)).,cum,7902.85,,
4.7,"Providin block, i 1:3 (1 c complet g and fixing up to floor five level precast cement concrete solid ncluding hoisting and setting in position with cement mortar ement : 3 coarse sand), cost of required centering, shuttering e :",,,,
4.7.1,1:1½:3 (1 Cement: 1½ coarse sand(zone-III) derived from natural sources : 3 graded stone aggregate 20 mm nominal size derived from natural sources).,cum,15762.45,,
,4.7.1A 1:1.5:3 (1 Cement: 1.5 coarse sand (zone-III) including manufactured sand derived from Recycled Concrete Aggregate (RCA) upto 25% : 3 graded stone aggregate 20 mm nominal size including Recycled Concrete Aggregate (RCA) upto 25%)).,cum,15534.65,,
4.8,"Providin block, i 1:3 (1 c complet g and fixing up to floor five level precast cement concrete hollow ncluding hoisting and setting in position with cement mortar ement : 3 coarse sand), cost of required centering, shuttering e.",,,,
4.8.1,1:1½:3 (1 Cement: 1½ coarse sand (zone-III) derived from natural sources : 3 graded stone aggregate 20 mm nominal size derived from natural sources) .,cum,12605.40,,
,4.8.1A 1:1.5:3 (1 Cement: 1.5 coarse sand (zone-III) including manufactured sand derived from Recycled Concrete Aggregate (RCA) upto 25% : 3 graded stone aggregate 20 mm nominal size including Recycled Concrete Aggregate (RCA) upto 25%)).,cum,12500.20,,
4.9,"Precasti required mm lon with 150 in ceme from na derived 250x25 specifie ng and placing in position 125 mm dia Bollards 600 mm high of shape including providing M.S. Pipe Sleeve 50 mm dia 300 g in the Bollard and M.S. Pipes 40 mm dia and 450mm long x150x6mm M.S. plate welded at bottom and embedded 150mm nt concrete 1:3:6 (1 Cement : 3 coarse sand (zone-III) derived tural sources : 6 graded stone aggregate 20 mm nominal size from natural sources), including necessary excavation of size 0x450mm deep for the same in bitumen/concrete pavement at d spacing.",each,785.70,,
4-6,"Hkwfery ds ikl ;k ml ij lhesaV dadzhV dh O;oLFkk djuk ,oe~ Mkyuk] dcZ] fdukjkcanh vkfn dks 1%3 ¼1 lhesaV % 3 eksVh jsr½ ds lhesaV & elkys ls ;FkkLFkku vuqeksfnr uewus ds vuqlkj tekuk] visf{kr <wykcanh] r[rkcanh dh ykxr lfgr 4-6-1 1%1½%3 ¼1 lhesaV% 1½çk—frd lzksr ls O;qRiUu eksVh jsr ¼vapy&III½ % 3 çk—frd lzksrksa ls O;qRiUu 20 feeh U;wure vkdkj dh oxÊ—r iRFkj dh jksM+h½ 4-6-1d 1%1-5%3 ¼1 lhesaV% 1-5 25%rd iquuZohuh—r daØhV jksM+h ¼vkjlh,½ ls O;qRiUu fofuÆer jsr lfgr eksVh jsr ¼vapy&III½% 3 oxÊ—r iRFkj dh jksM+h 20 feeh U;wure vkdkj iquuZohuh—r daØhV jksM+h ¼vkjlh,½ 25% rd ½",?ku eh ?ku eh,8130-65 7902-85,,
4-7,"Q”kZ ikap ry rd iwoZ fojfpr lhesaV&dadzhV Bksl [kaM dh O;oLFkk djuk vkSj yxkuk] Bksl nhokj CykWd dks Å¡ps p<+kuk vkSj 1%3 ¼1 lhesaV % 3 eksVh jsr½ ds lhesaV elkys ls ;FkkLFkku tekuk] visf{kr <wykcanh] r[rkcanh dh ykxr lfgr lEiw.kZ % 4-7-1 1%1½%3 ¼1 lhesaV% 1½ çk—frd lzksr ls O;qRiUu eksVh jsr ¼vapy&III½ % 3 çk—frd lzksrksa ls O;qRiUu 20 feeh U;wure vkdkj dh oxÊ—r iRFkj dh jksM+h½ 4-7-1d 1%1-5%3 ¼1 lhesaV% 25%rd iquuZohuh—r daØhV jksM+h ¼vkjlh,½ ls O;qRiUu fofuÆer jsr lfgr eksVh jsr ¼vapy&III½% 3 oxÊ—r iRFkj dh jksM+h 20 feeh U;wure vkdkj iquuZohuh—r daØhV jksM+h ¼vkjlh,½ 25%rd½",?ku eh ?ku eh,15762-45 15534-65,,
4-8,Q”kZ ikap ry rd iwoZ fojfpr lhesaV&dadzhV dh O;oLFkk djuk vkSj yxkuk rFkk [kks[kys CykWd dks Å¡ps p<+kuk vkSj 1%3 ¼1 lhesaV % 3 eksVh jsr½ ds lhesaV elkys ls ;FkkLFkku tekuk] visf{kr <wyk canh] r[rkcanh dh ykxr lfgr lEiw.kZ %,,,,
,4-8-1 1%1½%3 ¼1 lhesaV% 1½çk—frd lzksr ls O;qRiUu eksVh jsr ¼vapy&III½ % 3 çk—frd lzksrksa ls O;qRiUu 20 feeh U;wure vkdkj dh oxÊ—r iRFkj dh jksM+h½,?ku eh,12065-40,,
,"4-8-1d 1%1-5% 3 ¼1 lhesaV% 1-5 25%rd iquuZohuh—r daØhV jksM+h ¼vkjlh,½ ls O;qRiUu fofuÆer jsr lfgr eksVh jsr ¼vapy&III½% 3 oxÊ—r iRFkj dh jksM+h 20 feeh U;wure vkdkj iquuZohuh—r daØhV jksM+h ¼vkjlh,½ 25% rd ½",?ku eh,12500-20,,
4-9,"125 feeh O;kl o 600 feeh Åaps visf{kr vkdkj dscksykMZ dh çhdkÇLVx vkSj mudk lgh txg ij laLFkkiu ftlesa cksykMZ esa 50 feeh O;kl o 300 feeh yacs ,e,l ikbi Lyho vkSj 40 feeh O;kl vkSj 450 feeh yacs 150X150X6 feeh ds ,e,l IysV ,e,l ikbi ds uhps osYM fd, gq, gks vkSj 150 feeh lhesaV daØhV1% 3% 6 ¼1 lhesaV% 3 çk—frd lzksr ls O;qRiUu eksVh jsr ¼vapy&III½ % 6 çk—frd lzksrksa ls O;qRiUu 20 feeh U;wure vkdkj dh oxÊ—r iRFkj dh jksM+h½½ esa vUr% LFkkfir gks] ftlesa fuÆn""V nwjh ij dksyrkj@ daØhV isoesaV ds fy, mlh leku 250X250 X450 feeh xgjh vkdkj dk vko';d mR[kuu 'kkfey gksA",izR;sd,785-70,,
mi ”kh’kZ,% 4-0 dadzhV dk dk;Z 102,,,,
4-9d,"125 feeh O;kl o 600 feeh Åaps visf{kr vkdkj dscksykMZ dh çhdkÇLVx vkSj mudk lgh txg ij laLFkkiu ftlesa cksykMZ esa 50 feeh O;kl o 300 feeh yacs ,e,l ikbi Lyho vkSj 40 feeh O;kl vkSj 450 feeh yacs 150X150X6 feeh ds ,e,l IysV ,e,l ikbi ds uhps osYM fd, gq, gks vkSj 150 feeh lhesaV daØhV 1% 3% 6 ¼1 lhesaV% 3 iquuZohuh—r daØhV jksM+h ¼vkjlh,½ ls O;qRiUu fofuÆer jsr % 6 oxÊ—r iRFkj dh jksM+h 20 feeh U;wure vkdkj iquuZohuh—r daØhV jksM+h ¼vkjlh,½½ esa vUr% LFkkfir gks] ftlesa fuÆn""V nwjh ij dksyrkj@ daØhV isoesaV ds fy, mlh leku 250X250X450 feeh xgjh vkdkj dk vko';d mR[kuu 'kkfey gksA",çR;sd,753-80,,
4-9 ch,"125 feeh O;kl o 600 feeh Åaps visf{kr vkdkj ds cksykMZ dh çhdkÇLVx vkSj mudk lgh txg ij laLFkkiu ftlesa cksykMZ esa 50 feeh O;kl o 300 feeh yacs ,e,l ikbi Lyho vkSj 40 feeh O;kl vkSj 450 feeh yacs 150X150X6 feeh ds ,e,l IysV ,e,l ikbi ds uhps osYM fd, gq, gks vkSj 150 feeh lhesaV daØhV 1% 3% 6 ¼1 lhesaV% 3 iquuZohuh—r daØhV jksM+h ¼vkjlh,½ ls O;qRiUu fofuÆer jsr % 6 oxÊ—r iRFkj dh jksM+h 20 feeh U;wure vkdkj iquuZohuh—r jksM+h ¼vkj,½½ esa vUr% LFkkfir gks] ftlesa fuÆn""V nwjh ij dksyrkj@ daØhV isoesaV ds fy, mlh leku 250X250X450 feeh xgjh vkdkj dk vko';d mR[kuu 'kkfey gksA ueh jksd jn~nk",çR;sd,733-00,,
4-10,"lhesaV daØhV 1%2%4 ¼1 lhesaV% 2 çk—frd lzksr ls O;qRiUu eksVh jsr ¼vapy&III½ % 4 çk—frd lzksrksa ls O;qRiUu 12-5 feeh U;wure vkdkj dh oxÊ—r iRFkj dh jksM+h½ ds lkFk 40 feeh pkSM+h lhy&jksèkd dkslZ miyCèk djokuk ,oa fcNkukA",oxZ eh,370-85,,
4-10d,"lhesaV daØhV 1%2%4 ¼1 lhesaV% 225%rd iquuZohuh—r daØhV jksM+h ¼vkjlh,½ ls O;qRiUu fofuÆer jsr lfgr eksVh jsr ¼vapy&III½ % 4 oxÊ—r iRFkj dh jksM+h 12-5 feeh U;wure vkdkj iquuZohuh—r daØhV jksM+h ¼vkjlh,½ 25%rd½ ds lkFk 40 feeh pkSM+h lhy&jksèkd dkslZ miyCèk djokuk ,oa fcNkukA",oxZ eh,362-35,,
4-11,"lhesaV daØhV 1%2%4 ¼1 lhesaV% 2 çk—frd lzksr ls O;qRiUu eksVh jsr ¼vapy&III½ % 4 çk—frd lzksrksa ls O;qRiUu 20 feeh U;wure vkdkj dh oxÊ—r iRFkj dh jksM+h½ ds lkFk 50 feeh pkSM+h lhy&jksèkd dkslZ miyCèk djokuk ,oa fcNkukA",oxZ eh,452-25,,
"4-11,","lhesaV daØhV 1%2%4 ¼1 lhesaV% 225%rd iquuZohuh—r daØhV jksM+h ¼vkjlh,½ ls O;qRiUu fofuÆer jsr lfgr eksVh jsr ¼vapy&III½ % 4 oxÊ—r iRFkj dh jksM+h 20 feeh U;wure vkdkj iquuZohuh—r daØhV jksM+h ¼vkjlh,½ 25%rd ½ ds lkFk 50 feeh pkSM+h lhy&jksèkd dkslZ miyCèk djokuk ,oa fcNkukA",oxZ eh,440-25,,
4-12,vfrfjDr Hkqxrku] lhesaV dadzhV dk;Z esa tyjks/kh lkexzh fofuekZrk ds fofunsZ”k vuqlkj lhesaV ds Hkkj vuqlkj O;oLFkk djuk,izfr 50 fd0 xzke lhesaV,57-15,,
4-13,"Ukeh&jksd jn~ns dh lrg cqz”k ls vkSj var esa feV~Vh ds rsy ls Hkhxs fdlh diM+s ls lkQ djds ml ij 1-7 izfr fd xzk izfr oxZ ehVj dh nj ls oh-th-& 10 xzsM okys vuqeksfnr izdkj ds vof”k’V isVªksfy;e fcVqesu dh ,d ijr yxkuk fofo/k",oxZ eh0,113.85,,
4-14,"vfrfjDr Hkqxrku] Q’kZ ikWap ry ls mij dh lajpuk esa izR;sd pkj ryksa ;k buds fdlh Hkkx ds dadzhV dk;Z ds fy,",?ku eh,1294.45,,
4-15,"vfrfjDr Hkqxrku] ikuh esa ;k mlds uhps vkSj ;k cgrs dhpM+ esa dadzhV Mkyus] ikuh ds vanj vkSj dhp bR;kfn lcds fy,- en l- 4-15 ds fy, fVIi.kh% vo Hkwfe ty&ry ls ysdj vo Hkwfe ty ds uhps dadzhV ds xq#Ro dsUnz rd ukih xbZ xgjkbZ dks vo Hkwfe ty ds uhps fu”ikfnr dadzhV ?ku ehVj ls xq.kk djds ek=k fudkyh tk,xh- xq#Ro dsUnz dh xgjkbZ 0-1 ehVj rd Bhd fudkyh] 0-1 ehVj 0-05 ehVj ;k blls vf/kd dks 0-1 ehVj eku fy;k tk,xk rFkk 0-05 ls de dks NksM+ fn;k tk,xk-",?ku eh izfr ehVj xgjkbZ,905.50,,
4-16 4-17,"vfrfjDr Hkqxrku] xUnh fLFkfr;ksa esa ;k muds uhps dadzhV Mkyus ds fy, 50 feeh pkSM+h lhesaV daØhV 1% 3% 6 ¼1 lhesaV% 3 çk—frd lzksr ls O;qRiUu eksVh jsr ¼vapy&III½% 6 çk—frd lzksrksa ls O;qRiUu 20 feeh U;wure vkdkj dh oxÊ—r iRFkj dh jksM+h½ ls dqlÊ dh lqj{kk cukuk tks 40 feeh U;wure vkdkj ds lq[kh b±Vksa dh fxêh dh 75 feeh pkSM+h vkèkkj ij gks ftls ihVdj] njkjksa dks Hkjdj lery cuk;k x;k gks ,oa ftlesa vko';d mR[kuu] lery cukuk] MªsÇlx vkSj 'kh""kZ dk fpduk ifj""dj.k 'kkfey gSA",?ku eh ?ku eh,385-25 681-65,,
"4-17, 4-17ch","50 feeh pkSM+h lhesaV daØhV 1% 3% 6 ¼1 lhesaV% 3 iquuZohuh—r daØhV jksM+h ¼vkjlh,½ ls O;qRiUu fofuÆer jsr % 6 oxÊ—r iRFkj dh jksM+h 20 feeh U;wure vkdkj iquuZohuh—r daØhV jksM+h ¼vkjlh,½½ ls dqlÊ dh lqj{kk cukuk tks 40 feeh U;wure vkdkj ds lq[kh b±Vksa dh fxêh dh 75 feeh pkSM+h vkèkkj ij gks ftls ihVdj] njkjksa dks Hkjdj lery cuk;k x;k gks ,oa ftlesa vko';d mR[kuu] lery cukuk] MªsÇlx vkSj 'kh""kZ dk fpduk ifj""dj.k 'kkfey gSA 50 feeh pkSM+h lhesaV daØhV 1% 3% 6 ¼1 lhesaV% 3 iquuZohuh—r daØhV jksM+h ¼vkjlh,½ ls O;qRiUu fofuÆer jsr % 6 oxÊ—r iRFkj dh jksM+h 20 feeh U;wure vkdkj iquuZohuh—r jksM+h ¼vk,½½ ls dqlÊ dh lqj{kk cukuk tks 40 feeh U;wure vkdkj ds lq[kh b±Vksa dh fxêh dh 75 feeh pkSM+h vkèkkj ij gks ftls ihVdj] njkjksa dks Hkjdj lery cuk;k x;k gks ,oa ftlesa vko';d mR[kuu] lery cukuk] MªsÇlx vkSj 'kh""kZ dk fpduk ifj""dj.k 'kkfey gSA",?ku eh ?ku eh,631-25 596-60,,
4-18,"izHkkjh vfHk;ark ds funsZ”kkuqlkj iz;qDr 50 fd-xzk- lhesaV ds fy, 125 xzke flaFksfVd iksfy,LVj f=dks.kh; rarq dk iz;ksx djrs gq, lhesaV dadzhV@ vkj- lh- lh-@ Q”kZCkUnh@ ty izfr?kkjd lajPkukvksa esa 12 fe- eh- yackbZ] 10&40 ekbØkWu izHkkoh O;kl vkSj 1-34 ls 1-40 fof’k’V ?kuRo okyk flaFksfVd iksfy,LVj f=dks.kh; rarq ds ifjo?kZu gsrq vfrfjDr Hkqxrku A",izfr 50 fd-xzk- lhesaV dh cksjh,61-90,,
4-19,gVk fn;k x;k gS,,,,
,4-19-1 gVk fn;k x;k gS,,,,
,4-19-1-1 gVk fn;k x;k gS,,,,
,4-19-1-2 gVk fn;k x;k gS 4-19-2 gVk fn;k x;k gS,,,,
,4-19-2-1 gVk fn;k x;k gS 4-19-2-2 gVk fn;k x;k gS,,,,
4-20,"lkns lhesaV daØhV ds dk;Z ds fy, rS;kj fefJr ;k lkbV cSp fMtkbu feDl lhesaV daØhV miyCèk djuk vkSj txg ij fcNkuk( çk—frd lzksrksa ls O;qRiUu eksVh jksM+h vkSj ckjhd jksM+h] iksVZySaM i‚t+ksykuk@lkèkkj.k iksVZySaM@iksVZySaM LySx lhesaV dk mi;ksx djds vkÃ,l% 9103 ds vuqlkj daØhV dh LFkkiuk esa rsth ykus @ ean djus ds fy,] rkdr",,,,
,"dks de fd, fcuk LFkkf;Ro vkSj dk;Z 'khyrk esa lqèkkj djus ds fy, vuq'kaflr vuqikr esa feJ.k( ftlesa çHkkjh vfHk;ark ds funsZ'kkuqlkj daØhV ds fuEufyf[kr xzsM ds fy, lsaVÇjx ] 'kVÇjx vkSj fQfuÇ'kx dh ykxr dks NksM+dj daØhV dh iaÇix ls fcNkus vkSj D;wÇjx dh lkbV rd lHkh yhM dk ogu 'kkfey gksA uksV% fMtkbu feDl esa U;wure fuÆn""V lhesaV lkexzh ds 10% rd vfrfjä lhesaV vyx ls ns; gksxkA ;fn fMtkbu feJ.k esa lhesaV lkexzh U;wure fuÆn""V lhesaV lkexzh ds 110 çfr'kr ls vfèkd gS] rks Bsdsnkj ds ikl feJ.k dks fQj ls fMtkbu djus ;k vfrfjä lhesaV dh ykxr dks ogu djus dk foosdkfèkdj gksxkA 4-20-1 dqlÊ Lrj rd lHkh dk;Z % 4-20-1-1 220 fdxzk@?kuehVj dh U;wure lhesaV lkexzh lfgr ,e 10 xzsM dk daØhV 4-20-1-2 240 fdxzk@?kuehVj dh U;wure lhesaV lkexzh lfgr ,e 15 xzsM dk daØhV 4-20-1-3 270 fdxzk@?kuehVj dh U;wure lhesaV lkexzh lfgr ,e 20 xzsM dk daØhV 4-20-1-4 300 fdxzk@?kuehVj dh U;wure lhesaV lkexzh lfgr ,e 25 xzsM dk daØhV 4-20-2 dqlÊ Lrj ls Åij vkSj V ry Lrj rd lHkh dk;Z 4-20-2-1 220 fdxzk@?kuehVj dh U;wure lhesaV lkexzh lfgr ,e 10 xzsM dk daØhV 4-20-2-2 240 fdxzk@?kuehVj dh U;wure lhesaV lkexzh lfgr ,e 15 xzsM dk daØhV 4-20-2-3 270 fdxzk@?kuehVj dh U;wure lhesaV lkexzh lfgr ,e 20 xzsM dk daØhV 4-20-2-4 300 fdxzk@?kuehVj dh U;wure lhesaV lkexzh lfgr ,e 25 xzsM dk daØhV",?ku eh ?ku eh ?ku eh ?ku eh ?ku eh ?ku eh ?ku eh ?ku eh,8033-20 8174-75 8387-15 8599-50 9655-60 9797-15 10009-50 10221-85,,
4-20d,"lkns lhesaV daØhV ds dk;Z ds fy, rS;kj fefJr ;k lkbV cSp fMtkbu feDl lhesaV daØhV miyCèk djuk vkSj txg ij fcNkuk( çk—frd lzksrksa] iksVZySaM i‚t+ksykuk@lkèkkj.k iksVZySaM@iksVZySaM LySx lhesaV ls çkIr eksVh jksM+h vkSj ckjhd jksM+h dk mi;ksx djds vkÃ,l% 9103 ds vuqlkj daØhV dh LFkkiuk esa rsth ykus @ ean djus ds fy,] rkdr dks de fd, fcuk LFkkf;Ro vkSj dk;Z'khyrk esa lqèkkj djus ds fy, vuq'kaflr vuqikr esa feJ.k( ftlesa çHkkjh vfHk;ark ds funsZ'kkuqlkj daØhV ds fuEufyf[kr xzsM ds fy,lsaVÇjx] 'kVÇjx vkSj fQfuÇ'kx dh ykxr dks NksM+dj daØhV dh iaÇix ls fcNkus vkSj D;wÇjx dh lkbV rd lHkh yhM dk ogu 'kkfey gksA uksV% fMtkbu feDl esa U;wure fuÆn""V lhesaV lkexzh ds 10% rd vfrfjä lhesaV vyx ls ns; gksxkA ;fn fMtkbu feJ.k esa lhesaV lkexzh U;wure fuÆn""V lhesaV lkexzh ds 110 çfr'kr ls vfèkd gS] rks Bsdsnkj ds ikl feJ.k dks fQj ls fMtkbu djus ;k vfrfjä lhesaV dh ykxr dks ogu djus dk foosdkfèkdj gksxkA",,,,
No.,,,,,
4.9 A,"Precasting and placing in position 125 mm dia Bollards 600 mm high of required shape including providing M.S. Pipe Sleeve 50 mm dia 300 mm long in the Bollard and M.S. Pipes 40 mm dia and 450mm long with 150x150x6mm M.S. plate welded at bottom and embedded 150mm in cement concrete 1:3:6 (1 Cement : 3 manufactured sand derived from Recycled Concrete Aggregate (RCA) : 6 graded stone aggregate 20 mm nominal size (Recycled Concrete Aggregate (RCA)), including necessary excavation of size 250x250x450mm deep for the same in bitumen/ concrete pavement at specified spacing",each,753.80,,
4.9 B,"Precasting and placing in position 125 mm dia Bollards 600 mm high of required shape including providing M.S. Pipe Sleeve 50 mm dia 300 mm long in the Bollard and M.S. Pipes 40 mm dia and 450mm long with 150x150x6mm M.S. plate welded at bottom and embedded 150mm in cement concrete 1:3:6 (1 Cement : 3 manufactured sand derived from Recycled Concrete Aggregate (RCA) : 6 graded stone aggregate 20 mm nominal size (Recycled Aggregate (RA), including necessary excavation of size 250x250x450mm deep for the same in bitumen/ concrete pavement at specified spacing DAMP-PROOF COURSE",each,733.00,,
4.10,Providing and laying damp-proof course 40mm thick with cement concrete 1:2:4 (1 cement : 2 coarse sand (zone-III) derived from natural sources : 4 graded stone aggregate 12.5mm nominal size derived from natural sources),sqm,370.85,,
4.10A,Providing and laying damp-proof course 40mm thick with cement concrete 1:2:4 (1 cement : 2 coarse sand (zone-III) including manufactured sand derived from Recycled Concrete Aggregate (RCA) upto 25% : 4 graded stone aggregate 12.5mm nominal size including (Recycled Concrete Aggregate (RCA) upto 25%)),sqm,362.35,,
4.11,Providing and laying damp-proof course 50mm thick with cement concrete 1:2:4 (1 cement : 2 coarse sand (zone-III) derived from natural sources : 4 graded stone aggregate 20mm nominal size derived from natural sources).,sqm,452.25,,
4.11A,Providing and laying damp-proof course 50mm thick with cement concrete 1:2:4 (1 cement : 2 coarse sand (zone-III) ncluding manufactured sand derived from Recycled Concrete Aggregate (RCA) upto 25% : 4 graded stone aggregate 20mm nominal size including (Recycled Concrete Aggregate (RCA) upto 25%)),sqm,440.25,,
4.12,Extra for providing and mixing water proofing material in cement concrete work in doses by weight of cement as per manufacturer's specification.,per bag of cement of 50 kg,57.15,,
4.13,Providing & applying a coat of residual petroleum bitumen of grade of VG-10 of approved quality using 1.7kg per square metre on damp proof course after cleaning the surface with brushes and finally with apiece of cloth lightly soaked in kerosene oil. MISCELLANEOUS,sqm,113.85,,
4.14,Extra for concrete work in superstructure above floor V level for each four floors or part thereof.,cum,1294.45,,
4.15,Extra for laying concrete in or under water and/or liquid mud including cost of pumping or bailing out water and removing slush etc. complete. Note for item No. 4.15 :-The quantity will be calculated by multiplying the depth measured from the sub-soil water level up to centre of gravity of concrete under sub-soil water level with quantity of concrete in cum executed under sub-soil water. The depth of centre of gravity shall be reckoned correct to 0.1m. 0.05m or more shall be taken as 0.1m and less than 0.05m ignored.,cum per metre depth,905.50,,
4.16,Extra for laying concrete in or under foul positions.,cum,385.25,,
4.17,"Making plinth protection 50mm thick of cement concrete 1:3:6 (1 cement : 3 coarse sand (zone-III) derived from natural sources : 6 graded stone aggregate 20 mm nominal size derived from natural sources) over 75mm thick bed of dry brick ballast 40 mm nominal size, well rammed and consolidated and grouted with fine sand, including necessary excavation, levelling & dressing & finishing the top smooth.",sqm,681.65,,
4.17A,"Making plinth protection 50mm thick of cement concrete 1:3:6 (1 cement : 3 manufactured sand derived from Recycled Concrete Aggregate (RCA) : 6 graded stone aggregate 20 mm nominal size (Recycled Concrete Aggregate (RCA) over 75mm thick bed of dry brick ballast 40 mm nominal size, well rammed and consolidated and grouted with fine sand, including necessary excavation, levelling & dressing & finishing the top smooth",sqm,631.25,,
4.17B,"Making plinth protection 50mm thick of cement concrete 1:3:6 (1 cement : 3 manufactured sand derived from Recycled Concrete Aggregate (RCA) : 6 graded stone aggregate 20 mm nominal size (Recycled Aggregate (RA) over 75mm thick bed of dry brick ballast 40 mm nominal size, well rammed and consolidated and grouted with fine sand, including necessary excavation, levelling",,,,
,& dressing & finishing the top smooth,sqm,596.60,,
4.18,"Extra for addition of synthetic Polyester triangular fibre of length 12mm, effective diameter 10-40 microns and specific gravity of 1.34 to 1.40 in cement concrete/RCC/Flooring/water retaining structures by using 125gms of synthetic Polyester triangular fibre for 50 Kg cement used as per directions of Engineer-in-Charge.",per bag of 50kg of cement,61.90,,
4.19,DELETED,,,,
,4.19.1 DELETED,,,,
,4.19.1.1 DELETED,,,,
,4.19.1.2 DELETED,,,,
,4.19.2 DELETED,,,,
,4.19.2.1 DELETED,,,,
,4.19.2.2 DELETED,,,,
4.20,"Providing and laying in position ready mixed or site batched design mix cement concrete for plain cement concrete work; using coarse aggregate and fine aggregate derived from natural sources, Portland Pozzolana/Ordinary Portland /Portland Slag cement, admixtures in recommended proportions as per IS:",,,,
,No.,,,,
,4.20A.1 All works 4.20A.1.1 upto plinth level Concrete of M10 grade with minimum cement content of 220 kg /cum.,cum,7102.95,,
,(Note: The permissible utilization of Recycled Concrete Aggregate (RCA) as coarse aggregate and fine aggregate is 100% each).,,,,
,4.20A.1.2 Concrete of M15 grade with minimum cement content of 240 kg /cum.,cum,7998.95,,
,(Note: The permissible utilization of Recycled Concrete Aggregate (RCA) as coarse aggregate and fine aggregate is 25% each).,,,,
,4.20A.1.3 Concrete of M20 grade with minimum cement content of 270 kg /cum.,,,,
,(Note: The permissible utilization of Recycled Concrete Aggregate (RCA) as coarse aggregate and fine aggregate is 25% each).,cum,8211.30,,
,4.20A.1.4 Concrete of M25 grade with minimum cement content of 300 kg /cum.,cum,8423.65,,
,(Note: The permissible utilization of Recycled Concrete Aggregate (RCA) as coarse aggregate and fine aggregate is 25% each).,,,,
,4.20A.2 All works above plinth and upto floor V level,,,,
,4.20A.2.1 Concrete of M10 grade with minimum cement content of 220 kg /cum.,cum,8725.35,,
,(Note: The permissible utilization of Recycled Concrete Aggregate (RCA) as coarse aggregate and fine aggregate is 100% each).,,,,
,4.20A.2.2 Concrete of M15 grade with minimum cement content of 240 kg /cum.,cum,9621.30,,
,(Note: The permissible utilization of Recycled Concrete Aggregate (RCA) as coarse aggregate and fine aggregate is 25% each).,,,,
,4.20A.2.3 Concrete of M20 grade with minimum cement content of 270 kg /cum.,cum,9833.70,,
,(Note: The permissible utilization of Recycled Concrete Aggregate (RCA) as coarse aggregate and fine aggregate is 25% each).,,,,
,4.20A.2.4 Concrete of M25 grade with minimum cement content of 300 kg /cum.,cum,10046.05,,
,(Note: The permissible utilization of Recycled Concrete Aggregate (RCA) as coarse aggregate and fine aggregate is 25% each).,,,,
,4-20d-1 4-20d-2,ÇIyFk Lrj 4-20d-1-1 4-20d-1-2 4-20d-1-3 4-20d-1-4 dqlÊ Lrj 4-20d-2-1 4-20d-2-2 4-20d-2-3 4-20d-2-4,"rd lHkh dk;Z 220 fdxzk@?kuehVj dh U;wure lhesaV lkexzh lfgr ,e 10 xzsM dk daØhV ¼uksV% iquuZfouh—r daØhV jksM+h ¼vkjlh,½ dk eksVh jksM+h vkSj ckjhd jksM+h ds :i esa vuqes; mi;ksx çR;sd ds fy, 100% gS½A 240 fdxzk@?kuehVj dh U;wure lhesaV lkexzh lfgr ,e 15 xzsM dk daØhV ¼uksV% iquuZfouh—r daØhV jksM+h ¼vkjlh,½ dk eksVh jksM+h vkSj ckjhd jksM+h ds :i esa vuqes; mi;ksx çR;sd ds fy, 25% gS½A 270 fdxzk@?kuehVj dh U;wure lhesaV lkexzh lfgr ,e 20 xzsM dk daØhV ¼uksV% iquuZfouh—r daØhV jksM+h ¼vkjlh,½ dk eksVh jksM+h vkSj ckjhd jksM+h ds :i esa vuqes; mi;ksx çR;sd ds fy, 25% gS½A 300 fdxzk@?kuehVj dh U;wure lhesaV lkexzh lfgr ,e 25 xzsM dk daØhV ¼uksV% iquuZfouh—r daØhV jksM+h ¼vkjlh,½ dk eksVh jksM+h vkSj ckjhd jksM+h ds :i esa vuqes; mi;ksx çR;sd ds fy, 25% gS½A ls Åij vkSj V ry Lrj rd lHkh dk;Z 220 fdxzk@?kuehVj dh U;wure lhesaV lkexzh lfgr ,e 10 xzsM dk daØhV ¼uksV% iquuZfouh—r daØhV jksM+h ¼vkjlh,½ dk eksVh jksM+h vkSj ckjhd jksM+h ds :i esa vuqes; mi;ksx çR;sd ds fy, 100% gS½A 240 fdxzk@?kuehVj dh U;wure lhesaV lkexzh lfgr ,e 15 xzsM dk daØhV ¼uksV% iquuZfouh—r daØhV jksM+h ¼vkjlh,½ dk eksVh jksM+h vkSj ckjhd jksM+h ds :i esa vuqes; mi;ksx çR;sd ds fy, 25% gS½A 270 fdxzk@?kuehVj dh U;wure lhesaV lkexzh lfgr ,e 20 xzsM dk daØhV ¼uksV% iquuZfouh—r daØhV jksM+h ¼vkjlh,½ dk eksVh jksM+h vkSj ckjhd jksM+h ds :i esa vuqes; mi;ksx çR;sd ds fy, 25% gS½A 300 fdxzk@?kuehVj dh U;wure lhesaV lkexzh lfgr ,e 25 xzsM dk daØhV ¼uksV% iquuZfouh—r daØhV jksM+h ¼vkjlh,½ dk eksVh jksM+h vkSj ckjhd jksM+h ds :i esa vuqes; mi;ksx çR;sd ds fy, 25% gS½A",?ku eh ?ku eh ?ku eh ?ku eh ?ku eh ?ku eh ?ku eh ?ku eh,7102-95 7998-95 8211-30 8423-65 8725-35 9621-30 9833-70 10046-05
